{"cameraMode":{"drawMode":0,"name":"Shaded","section":"Shading Mode"},"sceneLighting":true,"audioPlay":false,"sceneViewState":{"m_AlwaysRefresh":false,"showFog":true,"showSkybox":true,"showFlares":true,"showImageEffects":true,"showParticleSystems":true,"showVisualEffectGraphs":true,"m_FxEnabled":true},"in2DMode":false,"pivot":{"x":-0.005773937329649925,"y":0.8711757659912109,"z":-0.1379077136516571},"rotation":{"x":0.3488670587539673,"y":0.31199005246162417,"z":-0.12396478652954102,"w":0.8751654624938965},"size":4.354933261871338,"orthographic":true}