{"cameraMode":{"drawMode":0,"name":"Shaded","section":"Shading Mode"},"sceneLighting":true,"audioPlay":false,"sceneViewState":{"m_AlwaysRefresh":false,"showFog":true,"showSkybox":true,"showFlares":true,"showImageEffects":true,"showParticleSystems":true,"showVisualEffectGraphs":true,"m_FxEnabled":true},"in2DMode":false,"pivot":{"x":-2.682159662246704,"y":0.06458152085542679,"z":-0.014288363978266716},"rotation":{"x":-0.0791856199502945,"y":-0.9176182150840759,"z":0.22909504175186158,"w":-0.3154221773147583},"size":5.021431922912598,"orthographic":true}