{"cameraMode":{"drawMode":0,"name":"Shaded","section":"Shading Mode"},"sceneLighting":true,"audioPlay":false,"sceneViewState":{"m_AlwaysRefresh":false,"showFog":true,"showSkybox":true,"showFlares":true,"showImageEffects":true,"showParticleSystems":true,"showVisualEffectGraphs":true,"m_FxEnabled":true},"in2DMode":false,"pivot":{"x":-1.9940080642700196,"y":1.9986587762832642,"z":-1.0497075319290162},"rotation":{"x":0.23175737261772157,"y":0.5757392644882202,"z":-0.17356792092323304,"w":0.7648823261260986},"size":26.61258316040039,"orthographic":true}